category_name,category_id,product_name,brand,serving_size,total_weight,kcal,carbohydrate_g,sugar_g,fat_g,saturated_fat_g,trans_fat_g,protein_g,sodium_mg,sugar_alcohol_g,allulose_g,erythritol_g
과자 및 스낵,1,롯데시네마 제로팝콘,㈜제이앤이 아산공장,20g,70.00g,456,80.03,0,13.08,5.09,0.2,4.45,312,,,
과자 및 스낵,1,무설탕팥앙금그때그단팥빵,주식회사 더베이스코리아,70g,253.860g,254,50.09,3.31,3.18,0,1.86,6.22,195,,,
과자 및 스낵,1,이디야 제로슈가쿠키 더블초코,(주)더플랜잇,30g,40.00g,438,62.5,0,20,11.25,0,15,600,21.75,,
과자 및 스낵,1,이디야 제로슈가쿠키 스윗오트,(주)더플랜잇,30g,40.00g,433,62.5,0,17.5,10,0,15,625,17,,
과자 및 스낵,1,잇츠베러 제로슈가쿠키 더블초코,(주)더플랜잇,30g,40.00g,433,62.5,7.5,20,11.25,0,15,600,,,
과자 및 스낵,1,잇츠베러 제로슈가쿠키 스윗오트,(주)더플랜잇,30g,40.00g,433,62.5,0,17.5,10,0,15,625,,,
과자 및 스낵,1,잇츠베러 제로슈가쿠키 토피넛,(주)더플랜잇,30g,40.00g,425,65,0,15,8.75,0,15,425,7.3,,
과자 및 스낵,1,잇츠베러 제로슈가쿠키 황치즈향,(주)더플랜잇,30g,40.00g,433,62.5,0,17.5,10.5,0,15,800,,,
과자 및 스낵,1,제로 브라우니,제로베이커리,70g,55.00g,365,34.55,1.82,30.91,14.55,0.91,9.09,451,10,,
과자 및 스낵,1,제로 브라우니샌드,제로베이커리,30g,40.00g,395,30,2.5,36,19.25,1,7.75,370,7,,
과자 및 스낵,1,제로 수플레 치즈케이크,주식회사 케익모아,70g,290.000g,292,35.63,0,17.18,8.69,0.29,6.74,160,,,
과자 및 스낵,1,제로 스콘,제로베이커리,70g,55.00g,400,23.64,1.82,32.73,7.27,0,12.73,342,4,,
과자 및 스낵,1,제로 연양갱,삼성식품,50g,50.00g,190,66,0,0,0,0,2,10,40,,
과자 및 스낵,1,제로 초코 롤케이크,주식회사 케익모아,70g,300.000g,219,16.1,0.9,13,11,0,9.4,105,,,
과자 및 스낵,1,제로 초코타르트,제로베이커리,70g,600.000g,469,32,3,43,20,0.5,12,440,21,,
과자 및 스낵,1,제로 초콜릿칩 쿠키,롯데제과㈜,30g,168.000g,470,60,0,26,14,0.35,9,440,,,
과자 및 스낵,1,제로 카카오 케이크,롯데제과㈜,30g,171.000g,455,48,0,29,13,0,9,350,,,
과자 및 스낵,1,제로 카카오파운드,제로베이커리,70g,60.00g,297,23.33,8.33,22.67,12.5,0.5,6.67,333,,,
과자 및 스낵,1,제로 쿠앤크 샌드,롯데웰푸드㈜,30g,96.00g,464,67.71,0,25,12.5,0.09,4.17,406,,,
과자 및 스낵,1,제로 크림치즈타르트,제로베이커리,70g,550.000g,421,20,3,39,16,0.5,12,436,13,,
과자 및 스낵,1,제로 티라미슈,주식회사 케익모아,70g,155.000g,235,34.84,0,14.19,6.45,0.15,5.16,97,,,
과자 및 스낵,1,제로 플레인 롤케이크,주식회사 케익모아,70g,300.000g,322,42.61,0.05,19.65,7.22,0.06,6.56,159,,,
과자 및 스낵,1,제로마들렌 말차,주식회사 케익모아,70g,29.00g,362,24.14,0,27.59,13.79,0,6.9,328,,,
과자 및 스낵,1,제로마들렌 얼그레이,주식회사 케익모아,70g,29.00g,310,24.14,0,20.69,11.38,0,6.9,310,,,
과자 및 스낵,1,제로마들렌 오렌지&코코넛,주식회사 케익모아,70g,29.00g,368,24.14,0.28,27.72,16.21,0.48,6.21,298,,,
과자 및 스낵,1,제로마들렌 초코,주식회사 케익모아,70g,29.00g,379,24.14,0,27.59,15.17,0,6.9,276,,,
과자 및 스낵,1,제로슈가 티라미수,주식회사 디스다임,70g,180.000g,291,25.87,1.36,22.46,11.03,0.37,5.87,78,,,
과자 및 스낵,1,제로슈가 프로틴 도넛 더블초코,주식회사 케익모아,70g,135.000g,411,35.56,0.31,26.67,8.67,0,15.56,511,,,
과자 및 스낵,1,제로스콘 단호박,제로베이커리,70g,60.00g,393,21.67,1.67,30,6.67,0,11.67,383,,0.82,2.84
과자 및 스낵,1,제로스콘 크럼블,제로베이커리,70g,65.00g,429,36.92,3.08,32.31,9.23,0.15,12.31,462,8,,
과자 및 스낵,1,제로스콘 흑임자,제로베이커리,70g,60.00g,390,21.67,1.67,30,6.67,0,10,433,,4,
과자 및 스낵,1,제로쌀스콘 카카오,제로베이커리,70g,60.00g,433,56.67,1.67,26.67,15,0.5,6.67,350,11.67,3.33,
과자 및 스낵,1,제로앙버터스콘,제로베이커리,70g,85.00g,461,29.41,2.35,40,16.47,0.94,10.59,222,,,
과자 및 스낵,1,제로와플(코코넛),제로베이커리,70g,48.00g,252,31.25,2.08,18.75,14.58,0,4.17,750,6,,
시럽 및 티베이스,2,Homeplus Signature 자몽허니블랙티 제로,㈜쟈뎅,200ml,"2,100.000mL",2,1.1,0,0,0,0,0,8,,0.5,
시럽 및 티베이스,2,zero 그린애플시럽,(주)태향,150ml,"1,000.000mL",8,27.25,0,0,0,0,0,108,,3.58,21.72
시럽 및 티베이스,2,zero 딸기시럽,(주)태향,150ml,"1,000.000mL",7,32.3,0,0.07,0,0,0.02,176,,8.75,22.08
시럽 및 티베이스,2,zero 라임시럽,(주)태향,150ml,"1,000.000mL",17,29.74,0,0,0,0,0,170,,3.62,21.92
시럽 및 티베이스,2,zero 레몬시럽,(주)태향,150ml,"1,000.000mL",18,30.05,0,0,0,0,0,204,,3.3,22
시럽 및 티베이스,2,zero 리치캐모마일티시럽,(주)태향,150ml,"1,000.000mL",13,44.96,0.16,0.12,0,0,0.04,208,,18.98,23
시럽 및 티베이스,2,zero 망고시럽,(주)태향,150ml,"1,000.000mL",7,32.5,0,0.07,0,0,0.04,174,,8.76,22.12
시럽 및 티베이스,2,zero 복숭아시럽,(주)태향,150ml,"1,000.000mL",5,26.5,0,0.02,0,0,0.02,153,,3.57,21.64
시럽 및 티베이스,2,zero 블루베리시럽,(주)태향,150ml,"1,000.000mL",5,26.55,0,0,0,0,0.01,180,,3.57,21.64
시럽 및 티베이스,2,zero 블루큐라소시럽,(주)태향,150ml,"1,000.000mL",2,25.57,0,0.01,0,0,0,6,,3.65,21.56
시럽 및 티베이스,2,zero 청포도시럽,(주)태향,150ml,"1,000.000mL",7,26.88,0,0.09,0,0,0.01,136,,3.59,21.72
시럽 및 티베이스,2,zero 카페시럽,(주)태향,150ml,"1,000.000mL",2,25.42,0,0,0,0,0.03,14,,3.54,21.46
시럽 및 티베이스,2,zero 피치우롱티시럽,(주)태향,150ml,"1,000.000mL",10,35.94,0,0,0,0,0.08,157,,11.07,22.36
시럽 및 티베이스,2,zero 핑크자몽시럽,(주)태향,150ml,"1,000.000mL",17,29.83,0,0,0,0,0.01,173,,3.63,21.96
시럽 및 티베이스,2,zero 허니자몽블랙티시럽,(주)태향,150ml,"1,000.000mL",15,41.13,0,0.14,0,0,0.07,184,,14.98,22.68
시럽 및 티베이스,2,델몬트퍼플레몬에이드제로,(유)삼각에프엠씨 웰빙랜드,200ml,230.000mL,3,2.02,0.08,0,0,0,0.01,26,,,1.42
시럽 및 티베이스,2,릴리벳 제로슈가 복숭아 아이스티 베이스,코비스,200ml,600.000g,20,23.33,0,1,0,0,0,0,,20,
시럽 및 티베이스,2,복음자리 제로 레몬라임 아이스티,,,,,,,,,,,,,,
시럽 및 티베이스,2,복음자리 제로 복숭아 아이스티,,,,,,,,,,,,,,
시럽 및 티베이스,2,애플 히비스커스티 제로,㈜꽃샘식품,200ml,400.000g,14,30,0,0,0,0,0,100,,26.5,
시럽 및 티베이스,2,오늘의일상 하이볼향시럽제로 핑크자몽,㈜흥국에프앤비,-,30.00g,10,2.33,0,0,0,0,0,0,,,
시럽 및 티베이스,2,왓더파머스 제로 알룰로스 액상,(주)자연농장,,100.000g,4,1,0,0,0,0,0,0,,,
시럽 및 티베이스,2,제로 슈크레 얼그레이  밀크티베이스,주식회사 푸른나무,-,500.000g,9,46.2,0,0.1,0,0,0.5,93,,44.8,
시럽 및 티베이스,2,제로 아쌈블렌드 밀크티베이스,주식회사 푸른나무,-,500.000g,21,49.4,0,0.1,0,0,0.5,117,,44.8,
시럽 및 티베이스,2,제로 티베이스 납작복숭아,드림바이오 주식회사,150ml,"1,200.000g",7,36.98,0.49,0.01,0,0,0.16,112,,35.5,
시럽 및 티베이스,2,제로 티베이스 납작복숭아 망고향,주식회사서울팩토리,150ml,"1,200.000g",9,38,0.46,0.01,0,0,0.13,84,,35.5,
시럽 및 티베이스,2,제로 티베이스 캐모마일 사과향,주식회사서울팩토리,150ml,"1,800.000g",5,40.01,0.24,0.01,0,0,0.09,64,,39,
시럽 및 티베이스,2,제로베이스 레몬,주식회사새롬웰푸드,150ml,"1,000.000g",7,55,0,0,0,0,0,20,,53,
시럽 및 티베이스,2,제로베이스 자몽,주식회사새롬웰푸드,150ml,"1,000.000g",5,55,1,0,0,0,0,20,,53.5,
시럽 및 티베이스,2,제로베이스 청포도,주식회사새롬웰푸드,150ml,"1,000.000g",9,55,2,0,0,0,0,20,,53,
시럽 및 티베이스,2,제로설탕 카페시럽,(주)희창유업 제2공장,150ml,"1,500.000mL",0,21,0,0,0,0,0,5,,0,21
시럽 및 티베이스,2,제로슈가 알룰로스,주식회사 비에스바이오,-,100.000g,2,0.5,0.2,0,0,0,0,10,,,
시럽 및 티베이스,2,제로슈가 카페시럽,(주)그린에프엠,10g,"1,910.000g",150,61,0,0,0,0,0,0,58,,
시럽 및 티베이스,2,티아름 제로슈가  밀크티 베이스,주식회사 푸른나무,,"1,000.000g",5,26.4,0,0.2,0.1,0,0.3,24,,26,
아이스크림,3,강릉초당순두부 제로바,(주)삼우냉동,100ml,80.00mL,129,21.25,0,10,7.5,0.31,3.75,84,,3,5
아이스크림,3,더위사냥 제로 디카페인커피,㈜빙그레,100g(ml),140.000mL,54,18.57,0,1.64,1.5,0,0.36,39,,,0.44
아이스크림,3,라라스윗 오렌지 제로바,훼미리식품(주)부산공장,100g(ml),70.00mL,0,12.29,0,0,0,0,0,29,,10.86,1.43
아이스크림,3,라라스윗 포도 제로바,훼미리식품(주)부산공장,100g(ml),70.00mL,0,12.29,0,0,0,0,0,29,,10.86,1.43
아이스크림,3,생귤탱귤 제로 감귤,㈜빙그레,100g(ml),70.00mL,0,15.72,0,0,0,0,0,14,,9,2
아이스크림,3,아이스가이 제로제로 스포츠,㈜청아냉동식품,100g(ml),200.000mL,0,1,0,0,0,0,0,55,,2,
아이스크림,3,제로 말차 크림 모나카,롯데웰푸드 주식회사 천안공장,100ml,140.000mL,130,29,0,4.7,3.1,0.49,1,65,11,3.7,
아이스크림,3,제로 밀크 모나카,롯데웰푸드 주식회사 천안공장,100ml,140.000mL,116,22.14,0,4.29,2.79,0.36,1.43,57,10.71,,
아이스크림,3,제로 아이스 딥초콜릿,롯데웰푸드㈜,100g(ml),474.000mL,130,20,0,7,4.8,0.5,2,70,,,
아이스크림,3,제로 아이스 쿠키&크림,롯데웰푸드㈜,100g(ml),474.000mL,117,21,0,6,3.5,0.5,1,85,,,
아이스크림,3,제로 아이스 트리플 초콜릿바,동그린주식회사,100g(ml),80.00mL,188,20,0,13.75,7.5,0.63,2.5,56,16.25,,
아이스크림,3,제로윗 당제로 밀크바닐라 모나카,(주)삼우냉동,100ml,140.000mL,106,20.72,0,6.43,4.29,0,1.43,26,,3.57,3.57
아이스크림,3,제로윗 당제로 바닐라,동그린(주),100g(ml),100.000mL,100,18,0,6,5,0,1,10,10,1,2
아이스크림,3,제로윗 당제로 바닐라 바,동그린(주),100g(ml),85.00mL,194,30.59,0,12.94,10.59,0,1.18,12,15,1,2
아이스크림,3,제로윗 당제로 초코 모나카,(주)삼우냉동,100ml,140.000mL,102,21.43,0,5.71,3.57,0,1.43,35,,3.57,3.57
아이스크림,3,제로윗 당제로 초콜릿,동그린(주),100g(ml),100.000mL,80,17,0,4,3.9,0,2,25,10,1,2
아이스크림,3,제로윗 당제로 초콜릿바,동그린(주),100g(ml),85.00mL,182,28.24,0,11.77,9.41,0,2.35,29,15,1,2
아이스크림,3,쿠로미 스틱바 블랙소르베 제로,대보푸드 주식회사,100g(ml),60.00mL,0,21.67,0,0,0,0,0,8,,21.67,
아이스크림,3,파워캡 블루아이스 제로,(주)에스아이지,100g(ml),120.000mL,83,16.67,0,1.67,1.42,0,0,25,,,
아이스크림,3,폴라포 커피 제로슈거,해태아이스크림㈜,100g(ml),120.000mL,58,10.83,0,1.58,1.25,0,0,13,,,
아이스크림,3,픽스타치오 제로바,(주)삼우냉동,100ml,80.00mL,119,21.25,0,10,6,0.25,2.5,15,,5,7.5
유제품,4,당이 제로당 유산균음료,매일유업㈜ 광주공장,100ml,125.000mL,3,5.6,0,0,0,0,0,44,,,4.8
유제품,4,요플레 제로 드링크 무당 플레인,주식회사 우리에프엔비,80ml(g),700.000mL,60,5,0,2.8,2,0,4,30,,,
유제품,4,요플레 제로 무당 플레인,㈜빙그레,80ml(g),400.000g,65,6,0,2.1,1.3,0,5.5,40,,,
유제품,4,요플레 제로 초코링,(주)빙그레 광주공장,80ml(g),120.000g,87,9.17,0,3.42,2.75,0,5.42,58,,,
유제품,4,제로 플레인 요거트,롯데웰푸드(주)파스퇴르공장,80ml(g),400.000g,60,5,0,3.1,2.2,0,4.6,20,,,
유제품,4,후디스그릭요거트무설탕저지방,일동후디스㈜,"액상 150ml, 호상 100ml(g)",80.00g,81,9.5,9.5,2,1.25,0,6,110,,,
유제품,4,후디스유기농그릭요거트무설탕,일동후디스㈜,"액상 150ml, 호상 100ml(g)",80.00g,131,9,9,7.75,4.88,0,6,113,,,
음료,5,815콜라제로,(주)일화,200ml,250.000mL,0,0,0,0,0,0,0,2,,,
음료,5,delaffe 제로스위트,(유)삼각에프엠씨 웰빙랜드,240ml,500.000mL,4,0.8,0,0,0,0,0.2,12,,,
음료,5,HITE ZERO 0.00 POMELO FLAVOR 하이트제로 0.00 포멜로향,대구경북능금농협음료가공공장,200ml,350.000mL,4,1.66,0,0,0,0,0,20,,,
음료,5,Homeplus Signature 자몽허니블랙티 제로,㈜쟈뎅,200ml,"2,100.000mL",2,1.1,0,0,0,0,0,8,,0.5,
음료,5,HOT6 THE KING 제로,롯데칠성음료㈜,200ml,500.000mL,3,2.52,0,0,0,0,0.1,37,,,1.88
음료,5,가스파드와 리사 블루레몬 제로 에이드,퓨어플러스(주),200ml,350.000mL,1,0.29,0,0,0,0,0,30,,,
음료,5,가스파드와 리사 핑크피치 제로 에이드,퓨어플러스(주),200ml,350.000mL,1,0.31,0,0,0,0,0,31,,,
음료,5,갈배사이다 제로,오케이에프음료㈜,200ml,185.000mL,0,0,0,0,0,0,0,16,,,
음료,5,게토레이제로,롯데칠성음료㈜,200ml,"1,500.000mL",0,0,0,0,0,0,0,49,,,
음료,5,과수원 오렌지 제로슈가,㈜상일,200ml,175.000mL,2,3,0,0,0,0,0,30,,,2.6
음료,5,과수원 청포도 제로슈가,㈜상일,200ml,175.000mL,12,6.2,0.7,0,0,0,0,50,,,3.2
음료,5,곽철이 사과,,,,,,,,,,,,,,
음료,5,곽철이 청포도,,,,,,,,,,,,,,
음료,5,귀여운 내친구 뽀로로 제로 딸기맛,㈜푸드웰,200ml,235.000mL,3,4.26,0,0,0,0,0,15,,,2.98
음료,5,귀여운 내친구 뽀로로 제로 밀크맛,㈜푸드웰,200ml,235.000mL,3,4.26,0,0,0,0,0,15,,,2.98
음료,5,납작복숭아블랙티제로,퓨어플러스(주),200ml,280.000mL,1,0.21,0,0,0,0,0,6,,,
음료,5,덴마크 드링킹 포스트바이오틱스 제로 파인애플,오케이에프음료 주식회사,200ml,500.000mL,2,0.4,0,0,0,0,0,16,,,
음료,5,레몬녹차 제로,(주)엠에스씨(MSC),200ml,340.000mL,1,3.24,0,0,0,0,0,12,,,3
음료,5,레인보우 샤베트 스파클링 제로,오케이에프음료 주식회사,200ml,350.000mL,1,0.29,0,0,0,0,0,2,,,
음료,5,립톤제로복숭아 아이스티,롯데칠성음료㈜,200ml,500.000mL,2,0.51,0,0.02,0,0,0.04,13,,,
음료,5,링티제로 복숭아맛(글로벌),㈜삼양패키징 광혜원 공장,200ml,500.000mL,0,2.6,0,0,0,0,0,32,,,2.6
음료,5,마운틴듀제로슈거블루,롯데칠성음료㈜,200ml,355.000mL,0,0,0,0,0,0,0,5,,,
음료,5,미닛메이드 레몬에이드 제로,해태에이치티비주식회사,200ml,350.000mL,1,0.34,0,0,0,0,0,40,,,
음료,5,미에로화이바 제로슈가,오케이에프음료 주식회사,200ml,180.000mL,11,3.89,0,0,0,0,0,11,,,
음료,5,밀키스제로딸기&바나나,롯데칠성음료㈜,200ml,500.000mL,4,2.82,0.43,0.02,0,0,0.21,7,,2.16,
음료,5,보성홍차 아이스티 제로 샤인머스캣,동원시스템즈㈜ 횡성공장,200ml,500.000mL,1,0.2,0,0.02,0.01,0,0.02,10,,,
음료,5,보성홍차 아이스티 제로 애플,동원시스템즈㈜ 횡성공장,200ml,500.000mL,1,0.21,0.11,0.03,0.01,0,0.03,4,,,
음료,5,복베리 에너지드링크 제로,세븐브로이이즈 주식회사,200ml,355.000g,3,4.58,0.13,0.11,0,0,0.29,2,,3.45,1
음료,5,복숭아 아이스티 제로,동원시스템즈㈜ 횡성공장,200ml,500.000mL,1,0.28,0,0,0,0,0.04,11,,,
음료,5,복숭아녹차 제로,(주)엠에스씨(MSC),200ml,340.000mL,1,2.65,0,0,0,0,0,12,,,2.5
음료,5,봉봉 아이스티 제로 복숭아,동원시스템즈㈜ 횡성공장,200ml,500.000mL,1,0.21,0,0.05,0,0,0.05,11,,,
음료,5,봉봉 아이스티 제로 자몽,동원시스템즈㈜ 횡성공장,200ml,500.000mL,1,0.1,0,0.07,0,0,0.06,7,,,
음료,5,브이톡 제로 레몬에이드,오케이에프음료㈜,200ml,350.000mL,0,1.4,0,0,0,0,0,9,,,
음료,5,비락식혜 제로,㈜팔도,100ml,238.000mL,2,4.2,0,0,0,0,0,2,,,3.78
음료,5,비타글루 제로 에이드,주식회사 코스팜,200ml,75.00g,197,95.1,0.6,0.4,0,0,0.5,11,,,47.34
음료,5,빅 뽀로로 제로 딸기맛,㈜푸드웰,200ml,360.000mL,3,4.17,0,0,0,0,0.14,15,,,11
음료,5,빅 뽀로로 제로 밀크맛,㈜푸드웰,200ml,360.000mL,3,4.17,0,0,0,0,0.14,15,,,11
음료,5,슈가로로 구름소다 제로,오케이에프음료㈜,200ml,250.000mL,0,0.4,0,0,0,0,0,12,,,1
음료,5,슈가로로 메론소다 제로,오케이에프음료㈜,200ml,250.000mL,2,2.8,0,0,0,0,0,1,,,6
음료,5,슈가로로 코코제로 감귤,주식회사 퓨럽2공장,200ml,340.000mL,2,4.12,0.59,0,0,0,0,12,,,3.53
음료,5,슈가로로 코코제로 복숭아,주식회사와우에프앤비,200ml,340.000mL,1,3.82,0,0,0,0,0,12,,,3.53
음료,5,슈가로로 코코제로 요구르트,주식회사와우에프앤비,200ml,340.000mL,0,3.53,0,0,0,0,0,12,,,3.53
음료,5,슈가로로 코코제로 파인애플,주식회사 퓨럽2공장,200ml,340.000mL,2,4.12,0.59,0,0,0,0,12,,,3.53
음료,5,슈가로로 코코제로리치,주식회사와우에프앤비,200ml,340.000mL,2,4.12,0.29,0,0,0,0,10,,,3.53
음료,5,슈가로로 코코제로포도,주식회사와우에프앤비,200ml,340.000mL,4,4.41,0.29,0,0,0,0,12,,,3.53
음료,5,실론티레몬제로,롯데칠성음료㈜,200ml,500.000mL,2,1.67,0.02,0.03,0,0,0.05,2,,1.44,
음료,5,아이스티제로 복숭아,오케이에프음료 주식회사,200ml,500.000mL,7,2.2,0,0,0,0,0,7,,,
음료,5,아이스티제로 자몽,오케이에프음료 주식회사,200ml,500.000mL,7,2.2,0,0,0,0,0,7,,,
음료,5,아침햇살 제로슈가,동원시스템즈㈜,200ml,500.000mL,27,6.12,0.36,1.18,1.18,0,0.14,12,,,10
음료,5,알로에베라킹 제로,오케이에프음료 주식회사,200ml,500.000mL,1,1.8,0,0,0,0,0,6,,,1.58
음료,5,야쿠르트 1971 제로,연세대학교 연세유업,100ml,190.000mL,1,5.26,0,0,0,0,0,24,,,5.11
음료,5,야쿠르트 콤부차 제로,㈜삼양패키징,200ml,335.000mL,2,0.81,0,0.04,0.02,0,0.03,4,,0.55,
음료,5,야쿠르트 콤부차 제로 라임맛,㈜삼양패키징,200ml,335.000mL,1,0.68,0,0.02,0,0,0.04,1,,0.55,
음료,5,양반 매실 제로,주식회사 동천수 상주공장,200ml,340.000mL,3,1.18,0.59,0,0,0,0,12,,0.35,
음료,5,양반 오미자 제로,주식회사 동천수 상주공장,200ml,340.000mL,3,0.88,0.77,0,0,0,0,7,,0.12,
음료,5,양반 유자 제로,주식회사 동천수 상주공장,200ml,340.000mL,3,1.18,0.59,0,0,0,0,15,,0.47,
음료,5,에버데이 제로,㈜삼양패키징 광혜원 공장,200ml,500.000mL,1,0.25,0,0.01,0,0,0.04,31,,0.02,
음료,5,에버데이 제로 릴렉스,㈜삼양패키징 광혜원 공장,200ml,500.000mL,1,0.06,0,0.01,0,0,0.08,4,,,
음료,5,에버데이 제로 비타민,㈜삼양패키징 광혜원 공장,200ml,500.000mL,1,0.23,0,0.03,0,0,0.06,19,,0.07,
음료,5,에버데이 제로 에너지,㈜삼양패키징 광혜원 공장,200ml,500.000mL,1,0.22,0,0.01,0,0,0.06,13,,,
음료,5,오늘좋은 아샷추 망고 제로,태웅식품(주),240ml,"1,500.000mL",4,1,0,0,0,0,0,10,,,
음료,5,오늘좋은 아샷추 복숭아 제로,태웅식품(주),240ml,"1,500.000mL",4,1,0,0,0,0,0,0,,,
음료,5,올데이프룻 제로 청매실,(주)서울에프엔비횡성지점,200ml,250.000mL,3,2.4,0,0,0,0,0,4,,,1
음료,5,유어스 레몬라임 제로 에이드,(주)에이트리에프앤비,200ml,340.000mL,7,1.77,0,0,0,0,0,1,,,
음료,5,이강베 제로밀크티,(주)자연농장,200ml,100.000g,37,8,7,0.06,0,0,0.1,12,,,
음료,5,이강베 제로복숭아아이스티,(주)자연농장,200ml,100.000g,34,8,7,0.06,0,0,0.1,12,,,
음료,5,일화차시 유자민트티 제로,㈜삼양패키징,200ml,500.000mL,1,0.21,0.1,0.02,0,0,0.01,5,,,
음료,5,일화차시 제로 키위그린티,㈜삼양패키징 광혜원 공장,200ml,500.000mL,1,0.19,0,0.03,0,0,0.01,5,,,
음료,5,일화차시 제로 피치캐모마일티,㈜삼양패키징 광혜원 공장,200ml,500.000mL,1,0.19,0.15,0,0,0,0,4,,,
음료,5,일화차시 제로 허니자몽블랙티,㈜삼양패키징 광혜원 공장,200ml,500.000mL,1,0.22,0.15,0.03,0,0,0.02,4,,,
음료,5,자연은 레몬셔벗에이드 제로,동원시스템즈㈜ 횡성공장,200ml,500.000mL,2,2.31,0,0,0,0,0.01,4,,,1.8
음료,5,자연은 알로에 제로,웅진식품㈜,200ml,500.000mL,1,1.84,0.4,0,0,0,0,9,,,1.5
음료,5,자연은 애플셔벗에이드 제로,동원시스템즈㈜ 횡성공장,200ml,500.000mL,2,2.27,0,0.04,0.04,0,0,1,,,1.8
음료,5,제로,농업회사법인(주)고려홍삼공사,200ml,"3,900.000mL",31,7.69,3.85,0,0,0,0,0,,,
음료,5,제로 문경 오미자 아이스티,주식회사스위트컵,150ml,500.000g,34,10,0,0,0,0,0,100,,,
음료,5,제로 복숭아 아이스티,주식회사 대상다이브스,-,"1,580.000mL",3,20.6,0,0.09,0.02,0,0.18,50,,8.9,11.2
음료,5,제로 아이스티 샤인&라임,㈜삼양패키징 광혜원 공장,200ml,500.000mL,1,0.2,0,0,0,0,0,1,,,
음료,5,제로 아이스티 화이트피치,㈜삼양패키징 광혜원 공장,200ml,500.000mL,1,0.2,0,0,0,0,0,1,,,
음료,5,제로슈거 이온워터 복숭아맛,퓨어플러스(주),200ml,100.000mL,1,2.7,0,0,0,0,0,30,,,2.5
음료,5,쥬시쿨 제로 자두,㈜빙그레,100ml,930.000mL,4,2,0,0,0,0,0,55,,1.1,
음료,5,쥬시쿨 제로 파인애플,㈜빙그레,100ml,930.000mL,4,2,0,0,0,0,0,55,,1.1,
음료,5,캐치!티니핑 제로 샤인머스캣맛,웅진식품㈜,200ml,200.000mL,2,1.85,0,0,0,0,0,5,,,1.5
음료,5,캐치!티니핑 제로 애플망고맛,웅진식품㈜,200ml,200.000mL,1,1.75,0,0,0,0,0,5,,,1.5
음료,5,코코뿌요 제로 복숭아,㈜삼양패키징 광혜원 공장,200ml,280.000mL,3,3.38,0,0.01,0,0,0.08,10,,,2.8
음료,5,코코뿌요 제로 애플망고,㈜삼양패키징 광혜원 공장,200ml,280.000mL,1,2.76,0,0.02,0,0,0.03,10,,,2.65
음료,5,쿨피스 제로 복숭아,㈜자연과사람들,200ml,230.000mL,2,0.87,0,0,0,0,0,48,,0.35,
음료,5,쿨피스 제로 자두,㈜자연과사람들,200ml,230.000mL,2,0.87,0,0,0,0,0,35,,0.35,
음료,5,쿨피스 제로 파인애플,㈜자연과사람들,200ml,230.000mL,4,1.3,0,0,0,0,0,48,,0.35,
음료,5,클룹 서울식혜 제로 알밤,오케이에프음료 주식회사,200ml,238.000mL,1,3.78,0,0,0,0,0,0,,,3.49
음료,5,클룹 서울식혜 제로 호박,오케이에프음료 주식회사,200ml,238.000mL,1,3.78,0,0,0,0,0,0,,,3.49
음료,5,토레타! 제로,해태에이치티비㈜,200ml,900.000mL,1,0.2,0,0,0,0,0,54,,,
음료,5,티즐 아이스티 제로 딸기,동원시스템즈㈜,200ml,500.000mL,1,1.8,0,0,0,0,0,1,,,7.5
음료,5,티즐 아이스티 제로 복숭아,동원시스템즈㈜,200ml,500.000mL,1,1.8,0,0,0,0,0,5,,,7.5
음료,5,티즐 제로 딸기루이보스,㈜삼양패키징 광혜원 공장,200ml,500.000mL,1,1.76,0,0,0,0,0,5,,,1.5
음료,5,티즐 제로 애플시나몬,웅진식품㈜,200ml,280.000mL,0,1.54,0,0,0,0,0,5,,,1.5
음료,5,티즐 제로 유자그린티,㈜삼양패키징 광혜원 공장,200ml,500.000mL,1,1.32,0,0,0,0,0,5,,,1
음료,5,티즐 제로 피치우롱티,㈜삼양패키징 광혜원 공장,200ml,500.000mL,1,1.34,0,0,0,0,0,5,,,1
음료,5,파리의 이온비타제로 납작복숭아,퓨어플러스(주),200ml,100.000mL,1,2.5,0,0,0,0,0,35,,,2.3
음료,5,파리의 이온비타제로 레몬,퓨어플러스(주),200ml,100.000mL,1,2.4,0,0,0,0,0,34,,,2.2
음료,5,파워에이드 제로 라임향,㈜삼양패키징 광혜원 공장,200ml,355.000mL,1,0.28,0,0,0,0,0,57,,,
음료,5,포도봉봉 제로,해태에이치티비㈜,200ml,340.000mL,1,0.21,0,0,0,0,0,21,,,
음료,5,피치 얼그레이 제로,㈜삼양패키징 광혜원 공장,200ml,500.000mL,1,1.28,0.01,0,0,0,0.05,5,,,1.2
음료,5,피크닉 사과 제로,매일유업㈜,200ml,200.000mL,3,3.5,0,0,0,0,0,25,,,5.4
음료,5,피크닉 청포도 제로,매일유업㈜,200ml,200.000mL,3,3.5,0,0,0,0,0,25,,,5.4
음료,5,할리스 복숭아 얼그레이 제로,㈜삼양패키징,200ml,500.000mL,1,1.28,0,0.01,0,0,0.05,5,,,1.2
음료,5,할리스 유자몽 블랙티 제로,㈜삼양패키징,200ml,500.000mL,1,1.29,0,0.01,0,0,0.05,4,,,1.22
음료,5,할리스 청귤 그린티 제로,㈜삼양패키징,200ml,500.000mL,0,1.29,0,0.01,0,0,0.02,4,,,1.24
음료,5,핫식스제로,롯데칠성음료㈜,200ml,250.000mL,2,5.71,0.04,0,0,0,0.09,26,,2.16,3.05
음료,5,후레쉬 매실 제로슈가,우일음료,200ml,500.000mL,2,2.14,0.12,0.02,0,0,0.09,10,,,1.6
음료,5,후레쉬 알로에 제로슈가,우일음료,200ml,500.000mL,2,2.4,0,0.02,0.01,0,0.02,10,,,1.8
초콜릿,6,드림카카오제로,(주)에스디푸드,15g,32.00g,478,56.25,6.25,31.25,18.75,0,9.38,31,,,
초콜릿,6,무설탕초콜릿으로만든다크70초코볼,대영식품(주),15g,60.00g,525,46.67,0,38.33,23.33,0,10,8,,,
초콜릿,6,무설탕초콜릿으로만든아몬드초코볼,대영식품(주),15g,60.00g,558,43.33,1.67,43.33,18.33,0,10,0,,,
초콜릿,6,무설탕초콜릿으로만든커피빈초코볼,대영식품(주),15g,60.00g,517,51.67,0,38.33,20,0,6.67,0,,,
초콜릿,6,무설탕초콜릿으로만든헤이즐넛초코볼,대영식품(주),15g,60.00g,608,36.67,1.67,51.67,15,0,10,0,,,
초콜릿,6,제로 초코파이,롯데웰푸드㈜,30g,336.000g,389,61,0,21,13,0,4.6,230,38,,
초콜릿,6,제로넛츠 아몬드,(주)씨앤지,30g,25.00g,535,45.16,0,38.91,14.89,0.02,12.78,38,,,
초콜릿,6,제로마일드초콜릿,㈜삼광식품,15g,50.00g,510,50,0,38,26,0,7,30,40,,
초콜릿,6,제로슈거초코별스낵,(주)델토리,30g,90.00g,468,65.16,0,25.66,24.71,0,5.99,50,,,
초콜릿,6,제로초코볼,주식회사베노프하우스,30g,30.00g,415,48.74,0.06,24.26,18.61,0.01,19.9,237,,,
초콜릿,6,초코헬스 제로넛츠,롯데웰푸드(주)안산공장,30g,25.00g,535,46.46,0,38.89,17.07,0.02,11.36,21,,,
캔디 및 젤리,7,"7days 제로 곤약젤리, 복숭아맛",(주)자임에프앤비,10g,150.000g,2,7.6,0,0,0,0,0,36,,,7.1
캔디 및 젤리,7,"7days 제로 곤약젤리, 자두맛",(주)자임에프앤비,10g,150.000g,3,7.6,0,0,0,0,0,37,,,6.9
캔디 및 젤리,7,"7days 제로 곤약젤리, 청포도맛",(주)자임에프앤비,10g,150.000g,2,7.5,0,0,0,0,0,39,,,6.9
캔디 및 젤리,7,곤약젤리 복숭아 제로,(주)자임에프앤비,10g,150.000g,2,7.5,0,0,0,0,0,38,,,6.9
캔디 및 젤리,7,곤약젤리 사과 제로,,,,,,,,,,,,,,
캔디 및 젤리,7,곤약젤리 오렌지 제로,(주)자임에프앤비,10g,150.000g,2,7.4,0,0,0,0,0,37,,,6.8
캔디 및 젤리,7,곤약젤리 청포도 제로,(주)자임에프앤비,10g,150.000g,2,7.9,0,0,0,0,0,34,,,7.3
캔디 및 젤리,7,마이구미 포도 ZERO% 설탕제로,㈜오리온 제2익산공장,10g,54.00g,230,74.08,0,0,0,0,5.56,28,55.56,,
캔디 및 젤리,7,비앤비 프로폴리스 캔디 제로,한울식품,10g,100.000g,245,98.95,0,0.71,0.1,0,0.04,0,100,,
캔디 및 젤리,7,서주 탱글탱글 제로 사과맛,서주제과㈜,10g,40.00g,218,80,0,0,0,0,0,73,55,,
캔디 및 젤리,7,슈가로로 무설탕 비타민 구미 복숭아,㈜서주2공장,10g,45.00g,196,62.22,0,0,0,0,4.44,22,,,
캔디 및 젤리,7,슈가로로 무설탕 비타민 구미 포도,㈜서주2공장,10g,45.00g,196,66.67,0,0,0,0,4.44,18,51.11,,
캔디 및 젤리,7,웨더스 오리지날 무설탕 카푸치노,AUGUST STORCK KG,10g,70.00g,414,90,0.4,6,4,0,0.1,360,,,
캔디 및 젤리,7,일일하우 제로슈거 콤부차 구미,㈜서주2공장,10g,40.00g,330,77.5,0,0,0,0,5,28,,,
캔디 및 젤리,7,제로 곤약젤리 레몬녹차,좋은영농조합법인,10g,150.000g,3,9.33,0,0,0,0,0,0,,8.67,
캔디 및 젤리,7,제로 시트러스 유자 젤리,(주)에스디푸드,10g,100.000g,214,71.43,0,0,0,0,6.43,36,59.29,,
캔디 및 젤리,7,제로블리 오렌지,㈜엠디에스코리아,10g,60.00g,8,16.67,0,0,0,0,0,8,,,8.75
캔디 및 젤리,7,제로젤리 사워베어,㈜국제제과,10g,42.00g,124,80.95,0,0,0,0,7.14,57,,40.48,
캔디 및 젤리,7,제로젤리 제로베어,㈜국제제과,10g,38.00g,118,78.95,0,0,0,0,7.89,0,,40.53,
캔디 및 젤리,7,제로클럽젤리,(주)에스디푸드,10g,61.00g,321,73.77,55.74,0,0,0,6.56,33,,,
캔디 및 젤리,7,제로톡젤리믹스,㈜건영제과,10g,160.000g,10,2.5,0,0,0,0,0,38,,,
캔디 및 젤리,7,제로톡젤리복숭아맛,㈜건영제과,10g,160.000g,0,0,0,0,0,0,0,38,,,
캔디 및 젤리,7,제로톡젤리애플망고맛,㈜건영제과,10g,160.000g,0,0,0,0,0,0,0,38,,,
캔디 및 젤리,7,젤리블리 제로 오렌지망고,(주)엠디에스코리아4공장,10g,60.00g,2,15,0,0,0,0,0,67,,,14.45
캔디 및 젤리,7,젤리블리 제로 피치플럼,(주)엠디에스코리아4공장,10g,60.00g,6,14.5,0,0,0,0,0,67,,,12.95
캔디 및 젤리,7,졸리팝 무설탕 막대사탕,LIQUID OTC.LLC,10g,125.000g,400,100,0,0,0,0,0,0,,,
캔디 및 젤리,7,졸리팝무설탕막대사탕(딸기),,10g,"7,700.000g",400,100,0,0,0,0,0,0,,,
캔디 및 젤리,7,졸리팝무설탕막대사탕(오렌지),,10g,"7,700.000g",400,100,0,0,0,0,0,0,,,
캔디 및 젤리,7,졸리팝무설탕막대사탕(파인애플),,10g,"7,700.000g",400,100,0,0,0,0,0,0,,,
캔디 및 젤리,7,졸리팝무설탕막대사탕(포도),,10g,"7,700.000g",400,100,0,0,0,0,0,0,,,
캔디 및 젤리,7,프로넛 무설탕 자일리톨 캔디 레몬향,주식회사 노마드크라운,10g,30.00g,243,100,0,0,0,0,0,0,30,,
캔디 및 젤리,7,프로넛 무설탕 자일리톨 캔디 복숭아향,주식회사 노마드크라운,10g,30.00g,243,100,0,0,0,0,0,0,30,,
캔디 및 젤리,7,프로넛 무설탕 자일리톨 캔디 샤인머스켓향,주식회사 노마드크라운,10g,30.00g,243,100,0,0,0,0,0,0,30,,
캔디 및 젤리,7,프로넛 무설탕 자일리톨 캔디 오리지널,주식회사 노마드크라운,10g,30.00g,240,100,0,0,0,0,0,0,30,,
캔디 및 젤리,7,프로넛 무설탕 자일리톨 캔디 콜라향,주식회사 노마드크라운,10g,30.00g,243,100,0,0,0,0,0,0,30,,
캔디 및 젤리,7,프로넛 무설탕 자일리톨 캔디 페퍼민트향,주식회사 노마드크라운,10g,30.00g,240,100,0,0,0,0,0,0,30,,
캔디 및 젤리,7,허브큐 무설탕 레몬캔디 with 스테비아,㈜국제제과,10g,100.000g,310,98,0,0.7,0.7,0,0,15,54,,
탄산,8,815콜라제로,(주)일화,200ml,250.000mL,0,0,0,0,0,0,0,2,,,
탄산,8,나랑드사이다 제로 그린애플,오케이에프음료㈜,200ml,245.000mL,1,0.41,0,0,0,0,0,20,,0.51,
탄산,8,나랑드사이다 제로 파인애플,오케이에프음료 주식회사,200ml,500.000mL,0,0.02,0,0,0,0,0,24,,,
탄산,8,닥터 페퍼 제로,주식회사 동천수 상주공장,200ml,355.000mL,0,0,0,0,0,0,0,12,,,
탄산,8,마스터토닉워터제로,롯데칠성음료㈜,200ml,410.000mL,0,0,0,0,0,0,0,2,,,
탄산,8,부르르 밀크소다 제로 망고파인애플,(주)일화,200ml,250.000mL,3,1.36,0.4,0,0,0,0.2,4,,2,
탄산,8,부르르 밀크소다 제로 메론,(주)일화,200ml,250.000mL,3,1.36,0.4,0,0,0,0.2,4,,2,
탄산,8,부르르 제로사이다 자두,(주)일화초정공장,200ml,250.000mL,0,0,0,0,0,0,0,3,,,
탄산,8,부르르 제로콜라 레몬,(주)일화초정공장,200ml,210.000mL,0,0.11,0,0,0,0,0,10,,,
탄산,8,부르르 제로콜라 체리,(주)일화초정공장,200ml,250.000g,50,13,13,0,0,0,0,5,,,
탄산,8,부르르 제로콜라 화이바 플러스,(주)일화초정공장,200ml,210.000mL,3,1.1,0,0,0,0,0,5,,,
탄산,8,부르르제로콜라,(주)일화,200ml,250.000mL,0,0,0,0,0,0,0,0,,,
탄산,8,블링부스터 위글위글 스파클링제로버블 레몬맛,오케이에프음료 주식회사,200ml,355.000mL,0,0,0,0,0,0,0,1,,,
탄산,8,블링부스터 위글위글 스파클링제로버블 수박맛,오케이에프음료 주식회사,200ml,355.000mL,0,0,0,0,0,0,0,1,,,
탄산,8,블링부스터 위글위글 스파클링제로버블 알로에맛,오케이에프음료 주식회사,200ml,355.000mL,0,0,0,0,0,0,0,3,,,
탄산,8,블링부스터 위글위글 스파클링제로버블 애플망고맛,오케이에프음료 주식회사,200ml,355.000mL,2,0.56,0,0,0,0,0,1,,,
탄산,8,사과좋아! 말랑 스파클링 제로,㈜상일,300ml,340.000mL,1,0.9,0,0,0,0,0,13,,0.7,
탄산,8,소프트소다 딸기 제로,롯데칠성음료㈜,200ml,420.000mL,1,1.92,0.03,0,0,0,0.01,7,,1.67,
탄산,8,소프트소다 복숭아 제로,롯데칠성음료㈜,200ml,420.000mL,1,1.91,0.03,0,0,0,0.01,7,,1.72,
탄산,8,스파클링프리미엄레시피제로슈거,(주)일화초정공장,200ml,190.000mL,9,2.11,0,0,0,0,0,11,,,
탄산,8,스파클링프리미엄레시피제로슈거제로카페인,(주)일화초정공장,200ml,190.000mL,9,2.11,0,0,0,0,0,11,,,
탄산,8,스프라이트 제로,주식회사 동천수 상주공장,200ml,355.000mL,0,0,0,0,0,0,0,3,,,
탄산,8,썬키스트 제로 복숭아레몬 소다,오케이에프음료 주식회사,200ml,600.000mL,0,2.5,0,0,0,0,0,13,,2.42,
탄산,8,썬키스트 제로 오렌지 소다,오케이에프음료 주식회사,200ml,355.000mL,0,2.25,0,0,0,0,0,13,,2.25,
탄산,8,썬키스트 제로 자두자몽 소다,오케이에프음료 주식회사,200ml,600.000mL,0,2.5,0,0,0,0,0,13,,2.42,
탄산,8,웰치 제로 그레이프맛,보해양조(주),200ml,355.000mL,0,2.25,0,0,0,0,0,0,,8,
탄산,8,웰치 제로 샤인머스캣,대구경북능금농협음료가공공장,200ml,600.000mL,0,2.17,0,0,0,0,0,0,,2.17,
탄산,8,웰치 제로 오렌지맛,대구경북능금농협음료가공공장,200ml,355.000mL,0,2.25,0,0,0,0,0,0,,,
탄산,8,웰치 제로 체리스트로베리,대구경북능금농협음료가공공장,200ml,600.000mL,0,2.17,0,0,0,0,0,0,,2.17,
탄산,8,이온더핏 제로 스파클링,튤립인터내셔널㈜,200ml,500.000mL,0,1.8,0,0,0,0,0,36,,,1.8
탄산,8,제로아워 프로틴 스파클링 밀크소다,㈜삼양패키징 광혜원 공장,200ml,335.000mL,13,2.99,0,0,0,0,2.99,0,,,2.66
탄산,8,제로아워 프로틴 스파클링 자몽파인,㈜삼양패키징 광혜원 공장,200ml,335.000mL,13,2.99,0,0,0,0,2.99,7,,,2.66
탄산,8,제로아워 프로틴 스파클링 청포도사과,㈜삼양패키징 광혜원 공장,200ml,335.000mL,13,2.99,0.15,0,0,0,2.99,7,,,2.66
탄산,8,진로토닉워터 제로,㈜상일,200ml,300.000mL,10,9.7,2,0,0,0,0,70,,7.1,
탄산,8,초록매실 스파클링 제로,웅진식품㈜,200ml,350.000mL,2,2,0,0,0,0,0,10,,,5.6
탄산,8,츄파춥스 딸기밀크소다 제로,대구경북능금농협음료가공공장,200ml,350.000mL,2,2.29,0.29,0,0,0,0.29,3,,2,
탄산,8,츄파춥스 멜론밀크소다 제로,대구경북능금농협음료가공공장,200ml,350.000mL,2,2.29,0.29,0,0,0,0.29,4,,2,
탄산,8,칠성사이다제로,롯데칠성음료㈜,200ml,500.000mL,1,1.9,0.02,0,0,0,0,4,,1.51,0.25
탄산,8,칠성사이다제로그린플럼,롯데칠성음료㈜,200ml,250.000mL,1,3.84,0.06,0,0,0,0,4,,3.54,
탄산,8,칠성사이다제로블루라임,롯데칠성음료㈜,200ml,500.000mL,1,1.92,0.03,0,0,0,0,2,,1.79,
탄산,8,코카-콜라 제로 MARSHMELLO,코카-콜라음료㈜,200ml,355.000mL,0,0,0,0,0,0,0,6,,,
탄산,8,코카-콜라 제로 레몬,코카콜라음료(주),200ml,500.000mL,0,0,0,0,0,0,0,6,,,
탄산,8,코카-콜라 제로 체리,코카콜라음료(주),200ml,500.000mL,0,0,0,0,0,0,0,6,,,
탄산,8,코카-콜라 제로 한류,코카콜라음료주식회사,200ml,355.000mL,0,0,0,0,0,0,0,6,,,
탄산,8,코카·콜라 제로제로,코카콜라음료주식회사,200ml,190.000mL,0,0,0,0,0,0,0,6,,,
탄산,8,코카·콜라제로,코카콜라음료(주),200ml,"1,500.000mL",0,0,0,0,0,0,0,6,,,
탄산,8,클룹 애사비소다 레몬비니거 제로,튤립인터내셔널㈜,200ml,500.000mL,1,1.2,0,0,0,0,0,11,,1,
탄산,8,클룹 애사비소다 타트체리 제로,오케이에프음료 주식회사,200ml,250.000mL,2,3.6,0,0,0,0,0,10,,,3
탄산,8,클룹 제로소다 레몬,오케이에프음료 주식회사,200ml,250.000mL,1,3.2,0,0,0,0,0,4,,,3
탄산,8,클룹 제로소다 복숭아,오케이에프음료㈜,200ml,250.000mL,1,3.2,0,0,0,0,0,6,,,7.5
탄산,8,클룹 제로소다 소다맛,오케이에프음료 주식회사,200ml,250.000mL,1,3.2,0,0,0,0,0,6,,,3
탄산,8,클룹 제로소다 청사과,오케이에프음료㈜,200ml,250.000mL,1,3.2,0,0,0,0,0,8,,,7.5
탄산,8,클룹 제로소다 포도,오케이에프음료 주식회사,200ml,250.000mL,1,3.2,0,0,0,0,0,6,,,3
탄산,8,탐사제로사이다,오케이에프음료㈜,200ml,500.000mL,0,0,0,0,0,0,0,2,,,
탄산,8,탐스제로레몬향,롯데칠성음료㈜,200ml,"1,500.000mL",2,2.5,0,0,0,0,0,15,,,
탄산,8,탐스제로멜론향,롯데칠성음료㈜,200ml,500.000mL,1,2.33,0.03,0,0,0,0,7,,2.14,
탄산,8,탐스제로사과키위향,롯데칠성음료㈜,200ml,"1,500.000mL",2,2,0,0,0,0,0,7,,,
탄산,8,탐스제로오렌지향,롯데칠성음료㈜,200ml,"1,500.000mL",2,2.5,0,0,0,0,0,15,,,
탄산,8,탐스제로파인애플향,롯데칠성음료㈜,200ml,355.000mL,1,2.39,0,0.01,0.01,0,0,9,,2.04,
탄산,8,탑씨 제로 복숭아향,(주)일화,200ml,"1,500.000mL",0,0,0,0,0,0,0,1,,,
탄산,8,탑씨 제로 블루레몬향,(주)일화,200ml,"1,500.000mL",0,0,0,0,0,0,0,7,,,
탄산,8,토닉워터 제로 홍차,(주)일화초정공장,200ml,500.000mL,1,0.3,0,0,0,0,0,20,,0.1,
탄산,8,펩시제로슈거라임향,롯데칠성음료㈜,200ml,355.000mL,0,0,0,0,0,0,0,27,,,
탄산,8,펩시제로슈거라임향제로카페인,롯데칠성음료㈜,200ml,355.000mL,1,0.18,0.01,0,0,0,0.04,25,,,
탄산,8,환타 제로 오렌지향,대구경북능금농협음료가공공장,200ml,355.000mL,0,0,0,0,0,0,0,3,,,
탄산,8,환타 제로 파인애플향,주식회사 동천수 상주공장,200ml,355.000mL,0,0,0,0,0,0,0,8,,,
탄산,8,환타 제로 포도향,주식회사 동천수 상주공장,200ml,355.000mL,0,0,0,0,0,0,0,7,,,
